Nick Berardi;296
Shawn;297
Dave Ward;167
Chris Marasti-Georg;228
Adam Haile;135
gyurisc;110
basszero;235
Bryan Denny;125
Kev;1025
Keng;227
Nikhil Chelliah;131
Will Dean;311
ninesided;220
Ed S.;1390
Magnar;102
aku;239
Simon_Weaver;919
Erik Forbes;578
Sam Saffron;1317
Chii;366
zetetic;241
Adam Naylor;107
Scott Whitlock;247
Micah;255
michael aubert;171
skiphoppy;220
fizzer;107
RobS;300
Tomalak;4402
Dave Sherohman;473
dthrasher;134
Brian M. Hunt;207
agnieszka;157
D3vtr0n;156
Nick Presta;230
Warrior;262
Chad Birch;367
rojoca;137
hhafez;368
liori;297
Adeel Ansari;1033
Will Bickford;150
stuartd;118
Gold;174
Ian Kemp;112
jgauffin;431
Dan Davies Brackett;147
Ed James;426
Niki;328
weismat;127
David Wolever;517
Toad;799
Martin Smith;2618
Andrew;194
Julien Genestoux;111
Thanatos;439
Nick;283
Ben Voigt;3039
David Maymudes;183
sean e;171
Artem Barger;296
dassouki;143
vsync;147
Amir Afghani;302
Jonathan;117
John M;214
Sean Kinsey;366
Gopal;258
IttayD;114
Kristina Brooks;215
GmonC;112
Shaggy Frog;769
CMircea;204
missingfaktor;510
pajton;166
Prof. Falken;341
Brad;112
RKh;359
viky;109
Layke;113
Jessica;198
Hogan;785
josefx;163
nathanvda;165
Tom Crockett;151
Sam Jarman;121
Reigel;1304
Timo Westkämper;106
choise;181
jamone;192
Cubbi;115
Jeroen;128
justjoe;156
Dennis Zickefoose;565
Christian;313
Pranay Rana;353
Nayan;244
xbonez;154
quakkels;274
user355002;112
JulesLt;119
109221793;157
aaronasterling;1320
lidia;104
JNK;554
Explosion Pills;117
JoshD;651
user496949;106
James Hopkin;187
Timothy Khouri;256
Alfred;268
nikow;145
SilentGhost;2403
Parand;112
Joe;525
tsee;175
TheVillageIdiot;501
Stefan Mai;131
Evan Teran;1052
WolfmanDragon;158
Steve Losh;111
Chris;143
dacracot;264
kch;226
paercebal;583
Andrew Harry;238
jcollum;672
Arnold Spence;282
Gareth Davis;182
Serhat Ozgel;104
DilbertDave;129
Gareth;427
alex;2760
n0rd;120
Tor Haugen;156
eKek0;142
dotnetdev;379
luiscubal;243
picardo;105
Darko Z;279
Cyril Gupta;212
Doug Currie;140
greyfade;385
Sridhar Ratnakumar;272
Jeffrey Hantin;187
kenwarner;123
zSynopsis;138
David Z;1163
CraigTP;130
ErikE;557
Eddie;634
John Gietzen;626
Praesagus;118
Tyler Carter;1030
KooiInc;162
Konstantin Tarkus;154
Adrian Godong;269
jpierson;205
Chris Bier;133
Zachary Scott;392
Justin Niessner;1255
Ciel;579
Brandon Rhodes;110
markratledge;229
Carlos Heuberger;479
Bart van Heukelom;494
Kamarey;211
Quinn Taylor;669
defines;200
captncraig;102
Lars Haugseth;133
jitter;654
merkuro;105
Stefan Monov;132
Nestor;131
zebrabox;250
indragie;191
Dan McGrath;179
Keith Hill;421
Dave Hunt;108
Stefan Steiger;347
Stéphane;130
jerjer;122
maček;414
Undefined;116
Sergei Kurenkov;127
Michael Petito;122
Jan Hančič;421
serhio;1149
Natim;146
Soufiane Hassou;110
Gone Coding;226
Phil Jackson;216
Kevin Brock;202
Erx_VB.NExT.Coder;342
user220755;122
Don Roby;242
openfrog;186
user236501;140
Incognito;290
